<?xml version="1.0"?>
<working_sets><working_set name="Armv8 Bare-Metal"><projdir>startup_Cortex-A53x1_AC6</projdir><projdir>startup_Armv8-Ax1_GCC</projdir><projdir>PMU_AArch64</projdir><projdir>startup_Armv8-A_GICv2</projdir><projdir>startup_Cortex-A32_GCC</projdir><projdir>startup_AEMv8-FVP_AArch64_with_AArch32_app_AC6</projdir><projdir>fireworks_AEMv8-FVP_AC6</projdir><projdir>startup_Cortex-A35MP_AC6</projdir><projdir>startup_Cortex-A73MP_AC6</projdir><projdir>startup_Cortex-A55_Cortex-A76</projdir><projdir>startup_AEMv8-FVP_AArch64_GCC</projdir><projdir>calendar_Armv8-A_AC6</projdir><projdir>startup_AEMv8-FVP_AArch64_with_AArch32_app_GCC</projdir><projdir>fireworks_AEMv8-FVP_GCC</projdir><projdir>Armv8-M_security</projdir><projdir>startup_Cortex-A76x1_AC6</projdir><projdir>startup_AEMv8-FVP_AArch64_AC6</projdir><projdir>startup_Cortex-A73x1_AC6</projdir><projdir>fireworks_Cortex-A55_Cortex-A76</projdir><projdir>calendar_Armv8-A_GCC</projdir><projdir>startup_Cortex-A32_AC6</projdir><projdir>startup_Cortex-A57MP_AC6</projdir><projdir>STM_Juno</projdir><projdir>startup_Cortex-R52</projdir><projdir>fireworks_Armv8-Ax1-FM_AC6</projdir><projdir>fireworks_Cortex-A55_Cortex-A75</projdir><projdir>startup_Cortex-A57x1_AC6</projdir><projdir>startup_Cortex-A35x1_AC6</projdir><projdir>fireworks_Armv8-Ax1-FM_GCC</projdir><projdir>startup_Cortex-A55_Cortex-A75</projdir><projdir>startup_Armv8-Ax1_AC6</projdir><projdir>startup_Cortex-A76MP_AC6</projdir><projdir>startup_Cortex-A53MP_AC6</projdir><projdir>startup_Cortex-A72x1_AC6</projdir><projdir>startup_Cortex-A72MP_AC6</projdir></working_set></working_sets>